Method,RMSE,MAE,MAPE,Bias,MASE
Optimized XGBoost (NASA),22.307999015338858,16.627164840698242,101.32762938786361,-12.75641866387992,1.5793613041296481
