Method,RMSE,MAE,MAPE,Bias,MASE
Optimized XGBoost (NASA),24.140196446438797,16.651086807250977,39.73075751191503,-15.973522406199884,1.8303484734688098
