Method,RMSE,MAE,MAPE,Bias,MASE
Random Forest (NASA),36.42480012015307,26.765344827586205,45.86703789289803,-26.24775862068966,2.942144774940774
XGBoost (NASA),30.343493538115485,21.16012191772461,40.46484660961849,-20.5246856089296,2.3259981344674383
LightGBM (NASA),18.30335309637565,14.845833050379094,154.92123913337872,-5.588936341527642,1.6319083658431983
MLP Regressor (NASA),49.91210857618516,44.57747836637614,952.7569751724368,16.746922037006236,4.900119759357378
