Method,RMSE,MAE,MAPE,Bias,MASE
Moving Average (w=3),8.664985124806318,6.426229508196721,64.24785206106716,-1.4426229508196722,0.9599346983198421
Simple Exponential Smoothing,8.708349522183305,7.580464098150386,64.64635761613373,1.6836107524089758,1.1323514835411363
Croston,13.702456634052933,12.709643731246041,119.86130669595867,10.712446572712423,1.8985359930492012
SBA,13.08066326955355,12.108675772639293,112.12484758649641,9.904693096535812,1.8087648457054544
TSB,13.807661675590719,12.813078284008395,121.20356633326234,10.84669141778697,1.9139867976112124
