Method,RMSE,MAE,MAPE,Bias,MASE
Moving Average (w=3),95.60429032145395,71.36065573770492,103.91489535129233,-70.24590163934427,6.621091769477776
Simple Exponential Smoothing,93.87429087674916,70.05618732415675,127.8589228230979,-67.87259282558819,6.500058617705265
Croston,85.80978057072623,65.63918132922151,273.7300213925243,-56.19274695947658,6.09023331920612
SBA,86.40358133697661,65.92033701685881,261.940072047036,-57.09540469346996,6.11631992939927
TSB,85.83266942656023,65.65006630012186,273.27357231045033,-56.227693444998636,6.09124326495976
