Method,RMSE,MAE,MAPE,Bias,MASE
Optimized XGBoost (NASA),20.42946119019012,15.438813209533691,108.40741226286829,-11.915962811174063,1.5634241224844245
