Method,RMSE,MAE,MAPE,Bias,MASE
Random Forest (NASA),39.19265250458085,29.233103448275862,71.37946854774759,-28.13,2.9603142732431253
XGBoost (NASA),27.91632547502167,20.465761184692383,78.55315935332942,-18.993910029016693,2.0724821452853046
LightGBM (NASA),26.982743500459332,22.050774506341124,212.11786782020846,-14.889893270171887,2.232989823426949
MLP Regressor (NASA),52.36721277774441,45.25244656175405,1387.8161834198725,25.335069793864463,4.5825262341016755
