Method,RMSE,MAE,MAPE,Bias,MASE
Random Forest (NASA),4.903998368678359,3.7941379310344825,40.28379904484023,0.4668965517241378,0.566759193017599
XGBoost (NASA),5.136460492854328,3.120327949523926,51.45897878349296,-1.4021748951796829,0.466107079596935
LightGBM (NASA),5.8403544690674645,4.74694258727014,83.22772737167502,-2.7693493813747434,0.7090868595092324
MLP Regressor (NASA),12.248662633240937,11.263110446593132,128.80269712921407,8.976009464934382,1.6824563322711732
